Style,Shoe
Low Top,Puma All Pro Nitro
Low Top,Jordan Luka 2
Low Top,Puma Stewie 2
Low Top,Li-Ning Wade Fission 8
Low Top,Adidas BYW Select
Low Top,Jordan Tatum 1
Low Top,Adidas Trae Unlimited
Low Top,Under Armour Curry 2 Low FloTro
Low Top,Li-Ning Wade Son of Flash
Low Top,Under Armour Spawn 5
Low Top,Li-Ning Wade All City 11
Low Top,Nike Ja 1
Low Top,Jordan Why Not Zero.6
Low Top,Nike LeBron NXXT Gen
Low Top,Air Jordan 37 Low
Low Top,Li-Ning Ice Blood V2
Low Top,Li-Ning Jimmy Butler 1
Low Top,Jordan One Take 4
Low Top,Adidas Dame Certified
Low Top,Li-Ning Way of Wade All City 10 V2 
Low Top,New Balance TWO WXY V3
Low Top,Adidas Trae Young 2.0
Low Top,Under Armour Curry 10
Low Top,Nike Zoom Freak 4
Low Top,Nike Lebron 20
Low Top,Li-Ning Wade 808 2
Low Top,Puma TRC Blaze Court
Low Top,Nike Cosmic Unity 2
Low Top,Nike Air Zoom G.T. Cut 2
Low Top,Nike Giannis Immortality 2
Low Top,Puma MB.01 Lo
Low Top,Nike Precision 6
Low Top,Li-Ning Way of Wade 10
Low Top,Jordan Luka 1
Low Top,New Balance TWO WXY V2
Low Top,Air Jordan 36 Low
Low Top,Nike Renew Elevate 3
Low Top,Nike KD 15
Low Top,Nike Kyrie Low 5
Low Top,Nike Lebron 19 Low
Low Top,Nike PG 6
Low Top,Adidas Harden Vol. 6
Low Top,Adidas Harden Stepback 3
Low Top,Nike Fly By Mid 3
Low Top,Jordan Zoom Separate
Low Top,Adidas Dame 8
Low Top,Under Armour Curry 9
Low Top,Nike Kyrie Flytrap 5
Low Top,Jordan One Take 3
Low Top,Nike Lebron Witness 6
Low Top,Adidas Trae Young 1
Low Top,Puma Fusion Nitro Spectra
Low Top,Adidas Exhibit A
Low Top,Under Armour Flow FUTR X
Low Top,Nike Giannis Immortality
Low Top,Nike Zoom Freak 3
Low Top,Adidas D.O.N Issue #3
Low Top,Under Armour Curry 3Z5
Low Top,Nike Kyrie Low 4
Low Top,Nike KD Trey 5 IX
Low Top,Nike Air Zoom G.T. Cut
Low Top,Puma Court Rider
Low Top,Nike Precision 5
Low Top,Nike Lebron 18 Low
Low Top,Nike Cosmic Unity
Low Top,Under Armour Anatomix Spawn 3
Low Top,Nike PG 5
Low Top,Li-Ning Way of Wade 9
Low Top,Adidas Harden Vol. 5
Low Top,Nike Kobe 6 Protro
Low Top,Adidas Harden Stepback 2
Low Top,Jordan One Take 2
Low Top,Li-Ning Wade All City 9
Low Top,Puma Clyde All-Pro
Low Top,Under Armour Curry 8
Low Top,Adidas Dame 7
Low Top,Puma RS Dreamer
Low Top,Nike Kyrie Low 3
Low Top,Nike Mama Fury
Low Top,Adidas Pro Boost Low
Low Top,Nike Zoom Freak 2
Low Top,Adidas D.O.N Issue #2
Low Top,Under Armour HOVR Havoc 3
Low Top,Nike Air Zoom BB NXT
Low Top,Converse G4 Low
Low Top,Adidas Crazy BYW 2.0
Low Top,Nike Adapt BB 2.0
Low Top,Nike Lebron 17 Low
Low Top,Nike Kobe 5 Protro
Low Top,Nike PG 4
Low Top,Nike Kyrie Flytrap 3
Low Top,Adidas Harden Stepback
Low Top,Under Armour Anatomix Spawn 2
Low Top,Adidas Dame 6
Low Top,Puma Clyde Hardwood
Low Top,Under Armour Curry 7
Low Top,Adidas Harden Vol. 4
Low Top,Nike KD Trey 5 VII
Low Top,Jordan Zoom Zero Gravity
Low Top,Adidas Pro Bounce 2019 Low
Low Top,Under Armour Curry 3Zero 3
Low Top,Adidas DON Issue 1
Low Top,Nike Zoom Freak 1
Low Top,Nike Kyrie Low 2
Low Top,Jordan CP3 12
Low Top,Nike Mamba Focus
Low Top,Under Armour Anatomix Spawn Low
Low Top,Nike PG 3
Low Top,Puma Uproar
Low Top,Nike Adapt BB
Low Top,Nike Kobe 4 Protro
Low Top,Nike Kyrie Flytrap 2
Low Top,Under Armour Curry 6
Low Top,Adidas T-Mac Millenium
Low Top,Li-Ning Way of Wade 7
Low Top,Adidas Harden Vol. 3
Low Top,Jordan Jumpman Hustle
Low Top,Adidas Pro Bounce Low
Low Top,Under Armour HOVR Havoc Low
Low Top,Nike Kobe AD Exodus
Low Top,Nike Hyperdunk X Low
Low Top,Nike PG 2.5
Low Top,Nike Kyrie Low
Low Top,Adidas Crazylight Boost 2018
Low Top,Nike Kobe AD NXT 360
Low Top,Nike Lebron 15 Low
Low Top,Adidas Harden Vol. 2
Low Top,Nike PG 2
Low Top,Under Armour Curry 4 Low
Low Top,Li-Ning Way of Wade 6
Low Top,Air Jordan 32 Low
Low Top,Adidas Dame 4
Low Top,Nike Zoom Shift
Low Top,ANTA KT Outdoor 2 Low
Low Top,Nike KD 10
Low Top,Nike Kobe AD NXT
Low Top,Nike PG1
Low Top,Under Armour Charged Controller
Low Top,Nike Mamba Instinct
Low Top,Nike Zoom Live 2017
Low Top,Adidas Harden Volume 1
Low Top,Nike Kobe AD
Mid Top,New Balance Kawhi 3
Mid Top,Adidas Harden Volume 7
Mid Top,Puma MB.02
Mid Top,Adidas D.O.N Issue #4
Mid Top,Puma Rise NITRO
Mid Top,Under Armour Curry HOVR Splash
Mid Top,Jordan Zion 2
Mid Top,Jordan Why Not Zero.5
Mid Top,Puma MB.01
Mid Top,Nike Air Max Impact 3
Mid Top,Nike Air Zoom G.T. Run
Mid Top,Jordan Zion 1
Mid Top,Adidas N3XT L3V3L Futurenatural
Mid Top,Nike KD 14
Mid Top,New Balance TWO WXY
Mid Top,Jordan Jumpman 2021
Mid Top,Jordan Why Not Zero.4
Mid Top,Nike Zoom Rize 2
Mid Top,Adidas D Rose 11
Mid Top,Nike Kyrie Flytrap 4
Mid Top,New Balance Kawhi 1
Mid Top,Nike Lebron Witness 5
Mid Top,Nike Kyrie 7
Mid Top,Nike Kybrid S2
Mid Top,Under Armour Embiid 1
Mid Top,Jordan Westbrook One Take
Mid Top,Nike KD 13
Mid Top,Nike KD Trey 5 VIII
Mid Top,Adidas Pro Model 2G
Mid Top,Nike Kobe AD NXT FastFit
Mid Top,Jordan Jumpman Diamond Mid
Mid Top,Nike KD 12
Mid Top,Adidas Dame 5
Mid Top,Jordan Why Not Zero.2
Mid Top,Adidas Pro Vision
Mid Top,Adidas Marquee Boost
Mid Top,Puma Clyde Court Disrupt
Mid Top,Nike Lebron 16
Mid Top,Nike KD 11
Mid Top,Jordan Fly Lockdown
Mid Top,Under Armour Curry 5
Mid Top,Jordan CP3 XI
Mid Top,Nike Kyrie Flytrap
Mid Top,Jordan Why Not Zero.1
Mid Top,Nike Kyrie 4
Mid Top,Nike Kyrie S1
Mid Top,Air Jordan 32
Mid Top,Jordan Super.Fly 2017
Mid Top,Nike Kobe AD Mid
Mid Top,Nike Lebron Soldier 11
Mid Top,Under Armour Curry 3Zero
Mid Top,Jordan Melo M13
Mid Top,Nike Zoom Rev 17
Mid Top,Adidas Dame 3
Mid Top,Nike Kyrie 3
Mid Top,Under Armour Curry 3
Mid Top,BrandBlack Rare Metal
Mid Top,Air Jordan 31
Mid Top,Nike Zoom KD 9
High Top,Nike G.T. Jump 2
High Top,Li-Ning Wade 808 2 Ultra V2
High Top,Nike Air Deldon
High Top,Air Jordan 37
High Top,Under Armour Curry 4 FloTro
High Top,Under Armour HOVR Havoc 4 Clone
High Top,New Balance Kawhi 2
High Top,Nike Air Zoom GT Jump
High Top,Nike Kyrie 8
High Top,Nike Lebron 19
High Top,Air Jordan 36
High Top,Adidas D Rose Son Of Chi
High Top,Li-Ning Way of Wade 9 Infinity
High Top,Nike Lebron 18
High Top,Air Jordan 35
High Top,Nike Lebron Soldier 14
High Top,Jordan React Elevation
High Top,Nike Renew Elevate
High Top,Adidas N3XT L3V3L 2020
High Top,Li-Ning Way of Wade 8
High Top,Jordan Why Not Zero.3
High Top,Nike Air Zoom UNVRS
High Top,Nike Kyrie 6
High Top,New Balance OMN1S
High Top,Adidas D Rose 10
High Top,Jordan Jumpman 2020
High Top,Nike Lebron Witness 4
High Top,ANTA KT 5
High Top,Nike Lebron 17
High Top,Air Jordan 34
High Top,Nike AlphaDunk
High Top,Nike Zoom Rize
High Top,Nike Lebron Soldier 13
High Top,Under Armour HOVR Havoc 2
High Top,Converse All Star Pro BB
High Top,Adidas Pro Bounce Madness
High Top,Adidas N3XT L3V3L
High Top,Nike Kyrie 5
High Top,ANTA KT 4
High Top,Air Jordan 33
High Top,Jordan Super.Fly MVP L
High Top,Under Armour Curry 3Zero 2
High Top,Nike Hyperdunk X
High Top,Adidas D Rose 9
High Top,Nike Lebron Soldier 12
High Top,Nike Zoom Kobe 1 Protro
High Top,Adidas Crazy BYW X
High Top,Nike Lebron 15
High Top,ANTA KT3
High Top,Under Armour Curry 4
High Top,Adidas D Rose 8
High Top,Under Armour Drive 4
High Top,Nike Hyperdunk Flyknit 2017
High Top,Adidas Crazy Explosive PrimeKnit 2017
High Top,Nike KD 9 Elite
High Top,Jordan Ultra Fly 2
High Top,Nike Lebron 14
High Top,ANTA KT 2
