Player,Player Page Link,Current Kicks,Position
Precious Achiuwa,https://ballershoesdb.com/players/precious-achiuwa/,Anta Daringly 3.0,Forward
Steven Adams,https://ballershoesdb.com/players/steven-adams/,New Balance Two Wxy V3,Center
Bam Adebayo,https://ballershoesdb.com/players/bam-adebayo/,Air Jordan 37,Forward
Santi Aldama,https://ballershoesdb.com/players/santi-aldama/,Nike Kyrie Low 5,Forward
Nickeil Alexander-Walker,https://ballershoesdb.com/players/nickeil-alexander-walker/,Nike Kobe 5 Protro,Guard
Grayson Allen,https://ballershoesdb.com/players/grayson-allen/,Nike Giannis Immortality 2,Guard
Jarrett Allen,https://ballershoesdb.com/players/jarrett-allen/,Nike Kyrie 3,Guard
Jose Alvarado,https://ballershoesdb.com/players/jose-alvarado/,Peak Surging Technology Triangle 2.0,Guard
Kyle Anderson,https://ballershoesdb.com/players/kyle-anderson/,Nike Kobe 5 Protro,Forward
Giannis Antetokounmpo,https://ballershoesdb.com/players/giannis-antetokounmpo/,Nike Zoom Freak 4,Guard
Thanasis Antetokounmpo,https://ballershoesdb.com/players/thanasis-antetokounmpo/,Nike Zoom Freak 4,Forward
Carmelo Anthony,https://ballershoesdb.com/players/carmelo-anthony/,Air Jordan 36,Guard
Cole Anthony,https://ballershoesdb.com/players/cole-anthony/,Adidas Exhibit A,Guard
OG Anunoby,https://ballershoesdb.com/players/og-anunoby/,Nike Kyrie Infinity,Forward
D.J. Augustin,https://ballershoesdb.com/players/dj-augustin/,Nike Kobe 5 Protro,Guard
Deni Avdija,https://ballershoesdb.com/players/deni-avdija/,Nike KD 15,Forward
Precious Achiuwa,https://ballershoesdb.com/players/precious-achiuwa/,Anta Daringly 3.0,Forward
Steven Adams,https://ballershoesdb.com/players/steven-adams/,New Balance Two Wxy V3,Center
Bam Adebayo,https://ballershoesdb.com/players/bam-adebayo/,Air Jordan 37,Forward
Santi Aldama,https://ballershoesdb.com/players/santi-aldama/,Nike Kyrie Low 5,Forward
Nickeil Alexander-Walker,https://ballershoesdb.com/players/nickeil-alexander-walker/,Nike Kobe 5 Protro,Guard
Grayson Allen,https://ballershoesdb.com/players/grayson-allen/,Nike Giannis Immortality 2,Guard
Jarrett Allen,https://ballershoesdb.com/players/jarrett-allen/,Nike Kyrie 3,Guard
Jose Alvarado,https://ballershoesdb.com/players/jose-alvarado/,Peak Surging Technology Triangle 2.0,Guard
Kyle Anderson,https://ballershoesdb.com/players/kyle-anderson/,Nike Kobe 5 Protro,Forward
Giannis Antetokounmpo,https://ballershoesdb.com/players/giannis-antetokounmpo/,Nike Zoom Freak 4,Guard
Thanasis Antetokounmpo,https://ballershoesdb.com/players/thanasis-antetokounmpo/,Nike Zoom Freak 4,Forward
Carmelo Anthony,https://ballershoesdb.com/players/carmelo-anthony/,Air Jordan 36,Guard
Cole Anthony,https://ballershoesdb.com/players/cole-anthony/,Adidas Exhibit A,Guard
OG Anunoby,https://ballershoesdb.com/players/og-anunoby/,Nike Kyrie Infinity,Forward
D.J. Augustin,https://ballershoesdb.com/players/dj-augustin/,Nike Kobe 5 Protro,Guard
Deni Avdija,https://ballershoesdb.com/players/deni-avdija/,Nike KD 15,Forward
DeAndre Ayton,https://ballershoesdb.com/players/deandre-ayton/,Puma Rise Nitro,Center
Marvin Bagley III,https://ballershoesdb.com/players/marvin-bagley-iii/,Nike Kobe 5 Protro,Forward
LaMelo Ball,https://ballershoesdb.com/players/lamelo-ball/,Puma MB.02,Guard
LiAngelo Ball,https://ballershoesdb.com/players/liangelo-ball/,Big Baller Brand G3,Guard
Lonzo Ball,https://ballershoesdb.com/players/lonzo-ball/,Nike Kobe 5 Protro,Guard
Mohamed Bamba,https://ballershoesdb.com/players/mohamed-bamba/,Adidas T-Mac 1,Center
Paolo Banchero,https://ballershoesdb.com/players/paolo-banchero/,Jordan Zion 2,Forward
Desmond Bane,https://ballershoesdb.com/players/desmond-bane/,Nike LeBron 20,Guard
Dalano Banton,https://ballershoesdb.com/players/dalano-banton/,Nike KD 15,Forward
Harrison Barnes,https://ballershoesdb.com/players/harrison-barnes/,Jordan React Elevation,Forward
Scottie Barnes,https://ballershoesdb.com/players/scottie-barnes/,Nike Kyrie 7,Guard
RJ Barrett,https://ballershoesdb.com/players/rj-barrett/,Puma Fusion Nitro,Forward
Will Barton,https://ballershoesdb.com/players/will-barton/,Under Armour Curry One Low Flotro,Guard
Charles Bassey,https://ballershoesdb.com/players/charles-bassey/,Nike KD 13,Center
Keita Bates-Diop,https://ballershoesdb.com/players/keita-bates-diop/,Nike KD 15,Forward
Nicolas Batum,https://ballershoesdb.com/players/nicolas-batum/,Air Jordan 37,Forward
Darius Bazley,https://ballershoesdb.com/players/darius-bazley/,New Balance Two Wxy V3,Forward
Bradley Beal,https://ballershoesdb.com/players/bradley-beal/,Air Jordan 37,Guard
Malik Beasley,https://ballershoesdb.com/players/malik-beasley/,Converse All Star BB Prototype CX,Guard
Davis Bertans,https://ballershoesdb.com/players/davis-bertans/,Nike KD 15,Forward
Patrick Beverley,https://ballershoesdb.com/players/patrick-beverley/,Nike PG 6,Guard
Saddiq Bey,https://ballershoesdb.com/players/saddiq-bey/,Nike Kobe 6 Protro,Forward
Khem Birch,https://ballershoesdb.com/players/khem-birch/,Nike Kobe 6 Protro,Center
Sue Bird,https://ballershoesdb.com/players/sue-bird/,Nike Kyrie 7,Guard
Goga Bitadze,https://ballershoesdb.com/players/goga-bitadze/,Nike Zoom Kobe 8,Center
Bismack Biyombo,https://ballershoesdb.com/players/bismack-biyombo/,Air Jordan 36,Center
Bogdan Bogdanovic,https://ballershoesdb.com/players/bogdan-bogdanovic/,Adidas Exhibit A,Guard
Bojan Bogdanovic,https://ballershoesdb.com/players/bojan-bogdanovic/,Adidas Pro Bounce 2019 Low,Guard
Bol Bol,https://ballershoesdb.com/players/bol-bol/,Nike Kobe 5 Protro,Center
Devin Booker,https://ballershoesdb.com/players/devin-booker/,Nike Kobe 5 Protro,Guard
Chris Boucher,https://ballershoesdb.com/players/chris-boucher/,Puma MB.01,Forward
James Bouknight,https://ballershoesdb.com/players/james-bouknight/,Nike Air Zoom GT Cut 2,Guard
Christian Braun,https://ballershoesdb.com/players/christian-braun/,Nike Kobe 6 Protro,Guard
Mikal Bridges,https://ballershoesdb.com/players/mikal-bridges/,Nike Kobe 6 Protro,Guard
Oshae Brissett,https://ballershoesdb.com/players/oshae-brissett/,Nike PG 6,Forward
Malcolm Brogdon,https://ballershoesdb.com/players/malcolm-brogdon/,Nike Zoom Freak 1,Guard
Dillon Brooks,https://ballershoesdb.com/players/dillon-brooks/,Nike Kyrie Low 5,Forward
Bruce Brown Jr.,https://ballershoesdb.com/players/bruce-brown-jr/,Nike Kyrie Infinity,Guard
Jaylen Brown,https://ballershoesdb.com/players/jaylen-brown/,Nike Kobe 6 Protro,Forward
Troy Brown,https://ballershoesdb.com/players/troy-brown/,Nike Kobe 5 Protro,Forward
Jalen Brunson,https://ballershoesdb.com/players/jalen-brunson/,Nike Kobe 6 Protro,Guard
Kobe Bryant,https://ballershoesdb.com/players/kobe-bryant/,Nike Kobe 11,Guard
Thomas Bryant,https://ballershoesdb.com/players/thomas-bryant/,Nike Kyrie Infinity,Center
Reggie Bullock,https://ballershoesdb.com/players/reggie-bullock/,Nike Air Zoom GT Cut,Forward
Alec Burks,https://ballershoesdb.com/players/alec-burks/,Adidas Dame 8,Guard
Jimmy Butler,https://ballershoesdb.com/players/jimmy-butler/,Li-Ning JB1,Forward
Kentavious Caldwell-Pope,https://ballershoesdb.com/players/kentavious-caldwell-pope/,Nike LeBron 20,Guard
Clint Capela,https://ballershoesdb.com/players/clint-capela/,Nike Kyrie Low 5,Center
Vernon Carey Jr.,https://ballershoesdb.com/players/vernon-carey-jr/,Air Jordan 36,Center
Jevon Carter,https://ballershoesdb.com/players/jevon-carter/,Nike Air Zoom GT Cut,Guard
Vince Carter,https://ballershoesdb.com/players/vince-carter/,Nike Shox BB4,Guard
Wendell Carter Jr.,https://ballershoesdb.com/players/wendell-carter-jr/,Nike Zoom Freak 3,Forward
Michael Carter-Williams,https://ballershoesdb.com/players/michael-carter-williams/,Nike Kobe 6 Protro,Guard
Alex Caruso,https://ballershoesdb.com/players/alex-caruso/,Anta Shock the Game 6.0,Guard
Willie Cauley-Stein,https://ballershoesdb.com/players/willie-cauley-stein/,Under Armour Curry Flow 8,Center
Brandon Clarke,https://ballershoesdb.com/players/brandon-clarke/,Nike KD 15,Forward
Jordan Clarkson,https://ballershoesdb.com/players/jordan-clarkson/,Converse All Star BB Shift,Guard
Nicolas Claxton,https://ballershoesdb.com/players/nicolas-claxton/,Nike Kyrie 6,Forward
Amir Coffey,https://ballershoesdb.com/players/amir-coffey/,Nike PG 4,Forward
John Collins,https://ballershoesdb.com/players/john-collins/,Adidas adiZero Rose 1.5,Forward
Zach Collins,https://ballershoesdb.com/players/zach-collins/,Nike Air Zoom G.T. Jump,Forward
Mike Conley,https://ballershoesdb.com/players/mike-conley/,Air Jordan 37,Guard
Pat Connaughton,https://ballershoesdb.com/players/pat-connaughton/,Nike KD 14,Guard
Robert Covington,https://ballershoesdb.com/players/robert-covington/,Nike Kobe 6 Protro,Forward
Torrey Craig,https://ballershoesdb.com/players/torrey-craig/,Nike Kobe 6 Protro,Guard
Jamal Crawford,https://ballershoesdb.com/players/jamal-crawford/,Adidas Pro Bounce 2018 Low,Guard
Jae Crowder,https://ballershoesdb.com/players/jae-crowder/,Nike Kobe AD Exodus,Forward
Cade Cunningham,https://ballershoesdb.com/players/cade-cunningham/,Nike Air Zoom GT Cut,Guard
Seth Curry,https://ballershoesdb.com/players/seth-curry/,Under Armour Curry 7,Guard
Stephen Curry,https://ballershoesdb.com/players/stephen-curry/,Under Armour Curry Flow 10,Guard
Dyson Daniels,https://ballershoesdb.com/players/dyson-daniels/,Nike Zoom Freak 4,Guard
Anthony Davis,https://ballershoesdb.com/players/anthony-davis/,Nike LeBron 20,Center
Terence Davis,https://ballershoesdb.com/players/terence-davis/,Li-Ning Way of Wade 10,Guard
Dewayne Dedmon,https://ballershoesdb.com/players/dewayne-dedmon/,New Balance Two Wxy V3,Center
Elena Della Donne,https://ballershoesdb.com/players/elena-della-donne/,Nike Air Deldon,Forward
DeMar DeRozan,https://ballershoesdb.com/players/demar-derozan/,Nike Kobe 6 Protro,Guard
Hamidou Diallo,https://ballershoesdb.com/players/hamidou-diallo/,Anta Shock The Game 5,Guard
Gorgui Dieng,https://ballershoesdb.com/players/gorgui-dieng/,Nike PG 6,Forward
Spencer Dinwiddie,https://ballershoesdb.com/players/spencer-dinwiddie/,361 DVD/SD 1,Guard
Donte DiVincenzo,https://ballershoesdb.com/players/donte-divincenzo/,Puma TRC Blaze Court,Guard
Luka Doncic,https://ballershoesdb.com/players/luka-doncic/,Jordan Luka 1,Guard
Luguentz Dort,https://ballershoesdb.com/players/luguentz-dort/,Adidas Exhibit A,Guard
Ayo Dosunmu,https://ballershoesdb.com/players/ayo-dosunmu/,Nike Air Zoom GT Cut 2,Guard
Jeff Dowtin Jr.,https://ballershoesdb.com/players/jeff-dowtin-jr/,Nike Kyrie 6,Guard
PJ Dozier,https://ballershoesdb.com/players/pj-dozier/,Adidas T-Mac 3,Guard
Goran Dragic,https://ballershoesdb.com/players/goran-dragic/,Adidas Dame 8,Guard
Andre Drummond,https://ballershoesdb.com/players/andre-drummond/,Air Jordan 10 Retro,Center
Chris Duarte,https://ballershoesdb.com/players/chris-duarte/,Nike Zoom Freak 4,Guard
Kris Dunn,https://ballershoesdb.com/players/kris-dunn/,Nike Kyrie Flytrap 6,Guard
Kevin Durant,https://ballershoesdb.com/players/kevin-durant/,Nike KD 15,Forward
Jalen Duren,https://ballershoesdb.com/players/jalen-duren/,Nike Kybrid S2,Center
Tari Eason,https://ballershoesdb.com/players/tari-eason/,Nike LeBron 20,Forward
Anthony Edwards,https://ballershoesdb.com/players/anthony-edwards/,Adidas BYW Select,Guard
Kessler Edwards,https://ballershoesdb.com/players/kessler-edwards/,Nike Kyrie 6,Forward
Joel Embiid,https://ballershoesdb.com/players/joel-embiid/,Under Armour Embiid One,Center
Drew Eubanks,https://ballershoesdb.com/players/drew-eubanks/,Nike Kyrie 7,Forward
Bruno Fernando,https://ballershoesdb.com/players/bruno-fernando/,Nike Zoom Freak 3,Center
Dorian Finney-Smith,https://ballershoesdb.com/players/dorian-finney-smith/,Nike Kyrie Low 5,Forward
Malachi Flynn,https://ballershoesdb.com/players/malachi-flynn/,Nike Zoom Kobe 4 Protro,Guard
Trent Forrest,https://ballershoesdb.com/players/trent-forrest/,Adidas D.O.N. Issue #4,Guard
Evan Fournier,https://ballershoesdb.com/players/evan-fournier/,Nike Kyrie Infinity,Guard
De’Aaron Fox,https://ballershoesdb.com/players/deaaron-fox/,Under Armour Curry Flow 10,Guard
Walt Frazier,https://ballershoesdb.com/players/walt-frazier/,Puma Clyde,Guard
Markelle Fultz,https://ballershoesdb.com/players/markelle-fultz/,Nike Kobe 6 Protro,Guard
Wenyen Gabriel,https://ballershoesdb.com/players/wenyen-gabriel/,Reebok Question,Forward
Daniel Gafford,https://ballershoesdb.com/players/daniel-gafford/,Anta Daringly 3.0,Forward
Danilo Gallinari,https://ballershoesdb.com/players/danilo-gallinari/,Adidas Exhibit A,Forward
Darius Garland,https://ballershoesdb.com/players/darius-garland/,Nike Kyrie Infinity,Guard
Kevin Garnett,https://ballershoesdb.com/players/kevin-garnett/,Anta KG 6,Forward
Pau Gasol,https://ballershoesdb.com/players/pau-gasol/,Nike Hyperdunk X,Center
Rudy Gay,https://ballershoesdb.com/players/rudy-gay/,Nike Cosmic Unity 2,Forward
Paul George,https://ballershoesdb.com/players/paul-george/,Nike PG 6,Forward
Taj Gibson,https://ballershoesdb.com/players/taj-gibson/,Nike LeBron 20,Forward
Josh Giddey,https://ballershoesdb.com/players/josh-giddey/,Nike Kobe 6 Protro,Guard
Shai Gilgeous-Alexander,https://ballershoesdb.com/players/shai-gilgeous-alexander/,Converse All Star BB Prototype CX,Guard
Manu Ginobili,https://ballershoesdb.com/players/manu-ginobili/,Nike Hyperdunk 2017,Guard
Rudy Gobert,https://ballershoesdb.com/players/rudy-gobert/,Nike Air Zoom GT Run,Center
Jordan Goodwin,https://ballershoesdb.com/players/jordan-goodwin/,Nike Kyrie Low 4,Guard
Aaron Gordon,https://ballershoesdb.com/players/aaron-gordon/,361 AG1,Forward
Eric Gordon,https://ballershoesdb.com/players/eric-gordon/,Adidas Pro N3XT 2021,Guard
Devonte’ Graham,https://ballershoesdb.com/players/devonte-graham/,Air Jordan 36,Guard
Jerami Grant,https://ballershoesdb.com/players/jerami-grant/,Air Jordan 6 Retro,Forward
Danny Green,https://ballershoesdb.com/players/danny-green/,Puma Triple Basketball,Guard
Draymond Green,https://ballershoesdb.com/players/draymond-green/,Converse All Star BB Prototype CX,Forward
Jalen Green,https://ballershoesdb.com/players/jalen-green/,Adidas Harden Stepback 3,Guard
JaMychal Green,https://ballershoesdb.com/players/jamychal-green/,Air Jordan 13 Retro,Forward
Javonte Green,https://ballershoesdb.com/players/javonte-green/,Nike Kobe 5 Protro,Guard
Jeff Green,https://ballershoesdb.com/players/jeff-green/,Air Jordan 37,Forward
Josh Green,https://ballershoesdb.com/players/josh-green/,Nike Air Zoom GT Cut 2,Guard
AJ Griffin,https://ballershoesdb.com/players/aj-griffin/,Nike KD 14,Forward
Blake Griffin,https://ballershoesdb.com/players/blake-griffin/,Air Jordan 37,Forward
Quentin Grimes,https://ballershoesdb.com/players/quentin-grimes/,Nike Kobe 6 Protro,Guard
Brittney Griner,https://ballershoesdb.com/players/brittney-griner/,Nike Kyrie 5,Center
Rui Hachimura,https://ballershoesdb.com/players/rui-hachimura/,Air Jordan 36,Forward
Tyrese Haliburton,https://ballershoesdb.com/players/tyrese-haliburton/,Nike Kobe 6 Protro,Guard
RJ Hampton,https://ballershoesdb.com/players/rj-hampton/,Li-Ning Power 9,Guard
Tim Hardaway Jr.,https://ballershoesdb.com/players/tim-hardaway-jr/,Air Jordan 37,Guard
James Harden,https://ballershoesdb.com/players/james-harden/,Adidas Harden Vol. 7,Guard
Montrezl Harrell,https://ballershoesdb.com/players/montrezl-harrell/,Reebok Question,Forward
Gary Harris,https://ballershoesdb.com/players/gary-harris/,Nike LeBron 20,Guard
Joe Harris,https://ballershoesdb.com/players/joe-harris/,Nike KD 15,Forward
Tobias Harris,https://ballershoesdb.com/players/tobias-harris/,Nike Air Zoom GT Cut,Forward
Shaquille Harrison,https://ballershoesdb.com/players/shaquille-harrison/,Nike Kobe 5 Protro,Guard
Josh Hart,https://ballershoesdb.com/players/josh-hart/,Nike Kobe 6 Protro,Guard
Isaiah Hartenstein,https://ballershoesdb.com/players/isaiah-hartenstein/,Nike Zoom Freak 4,Center
Udonis Haslem,https://ballershoesdb.com/players/udonis-haslem/,Wade All City 8,Forward
Jaxson Hayes,https://ballershoesdb.com/players/jaxson-hayes/,Nike Kobe 6 Protro,Center
Killian Hayes,https://ballershoesdb.com/players/killian-hayes/,Puma Rise Nitro,Guard
Gordon Hayward,https://ballershoesdb.com/players/gordon-hayward/,Anta GH3,Forward
Scoot Henderson,https://ballershoesdb.com/players/scoot-henderson/,Puma Court Rider 2.0,Guard
Willy Hernangomez,https://ballershoesdb.com/players/willy-hernangomez/,Nike PG 5,Center
Tyler Herro,https://ballershoesdb.com/players/tyler-herro/,Nike Air Zoom GT Cut,Guard
Buddy Hield,https://ballershoesdb.com/players/buddy-hield/,Nike Kobe 6 Protro,Guard
Haywood Highsmith,https://ballershoesdb.com/players/haywood-highsmith/,Nike Kobe 6 Protro,Forward
George Hill,https://ballershoesdb.com/players/george-hill/,Nike Zoom Freak 4,Guard
Aaron Holiday,https://ballershoesdb.com/players/aaron-holiday/,Nike PG 5,Guard
Jrue Holiday,https://ballershoesdb.com/players/jrue-holiday/,Nike Air Zoom GT Cut 2,Guard
Justin Holiday,https://ballershoesdb.com/players/justin-holiday/,Li-Ning Speed 8,Guard
Richaun Holmes,https://ballershoesdb.com/players/richaun-holmes/,Nike Kyrie Low 4,Forward
Chet Holmgren,https://ballershoesdb.com/players/chet-holmgren/,Nike KD 15,Center
Al Horford,https://ballershoesdb.com/players/al-horford/,Nike PG 6,Center
Talen Horton-Tucker,https://ballershoesdb.com/players/talen-horton-tucker/,Air Jordan 37,Guard
Danuel House,https://ballershoesdb.com/players/danuel-house/,Nike Air Zoom GT Cut,Forward
Kevin Huerter,https://ballershoesdb.com/players/kevin-huerter/,Nike PG 6,Guard
De’Andre Hunter,https://ballershoesdb.com/players/deandre-hunter/,Nike Zoom Freak 4,Guard
Bones Hyland,https://ballershoesdb.com/players/bones-hyland/,Under Armour Flow FUTR X 2,Guard
Andre Iguodala,https://ballershoesdb.com/players/andre-iguodala/,Under Armour Curry One Low Flotro,Forward
Joe Ingles,https://ballershoesdb.com/players/joe-ingles/,Nike Zoom Kobe 4 Protro,Forward
Brandon Ingram,https://ballershoesdb.com/players/brandon-ingram/,Nike Kyrie 7,Forward
Sabrina Ionescu,https://ballershoesdb.com/players/sabrina-ionescu/,Nike Kobe 5 Protro,Guard
Kyrie Irving,https://ballershoesdb.com/players/kyrie-irving/,Nike Kyrie Infinity,Guard
Jonathan Isaac,https://ballershoesdb.com/players/jonathan-isaac/,Nike Kyrie 5,Forward
Allen Iverson,https://ballershoesdb.com/players/allen-iverson/,Reebok Answer 13,Guard
Jaden Ivey,https://ballershoesdb.com/players/jaden-ivey/,Nike Kobe 6 Protro,Guard
Jaren Jackson Jr.,https://ballershoesdb.com/players/jaren-jackson-jr/,Nike Air Zoom GT Run,Forward
Reggie Jackson,https://ballershoesdb.com/players/reggie-jackson/,Nike PG 5,Guard
LeBron James,https://ballershoesdb.com/players/lebron-james/,Nike LeBron 20,Forward
Ty Jerome,https://ballershoesdb.com/players/ty-jerome/,Nike PG 6,Guard
Isaiah Joe,https://ballershoesdb.com/players/isaiah-joe/,Nike Air Zoom GT Cut 2,Guard
Cameron Johnson,https://ballershoesdb.com/players/cameron-johnson/,Nike KD 15,Forward
James Johnson,https://ballershoesdb.com/players/james-johnson/,Nike Zoom Kobe 4 Protro,Forward
Keldon Johnson,https://ballershoesdb.com/players/keldon-johnson/,Qiaodan Fengci 6 Pro,Guard
Keon Johnson,https://ballershoesdb.com/players/keon-johnson/,Adidas Dame 8,Forward
Nikola Jokic,https://ballershoesdb.com/players/nikola-jokic/,Nike Air Zoom G.T. Jump,Center
Damian Jones,https://ballershoesdb.com/players/damian-jones/,Nike KD 15,Center
Derrick Jones Jr.,https://ballershoesdb.com/players/derrick-jones-jr/,Nike Zoom KD 4,Forward
Herb Jones,https://ballershoesdb.com/players/herb-jones/,Nike Kyrie 2,Forward
Tre Jones,https://ballershoesdb.com/players/tre-jones/,Nike Kyrie Low 5,Guard
Tyus Jones,https://ballershoesdb.com/players/tyus-jones/,Nike Kyrie 7,Guard
DeAndre Jordan,https://ballershoesdb.com/players/deandre-jordan/,Nike LeBron 20,Center
Michael Jordan,https://ballershoesdb.com/players/michael-jordan/,Air Jordan 1 Retro,Guard
Cory Joseph,https://ballershoesdb.com/players/cory-joseph/,Nike Zoom Freak 4,Guard
Nikola Jovic,https://ballershoesdb.com/players/nikola-jovic/,Adidas Dame 6,Forward
Mfiondu Kabengele,https://ballershoesdb.com/players/mfiondu-kabengele/,Nike PG 6,Forward
Frank Kaminsky,https://ballershoesdb.com/players/frank-kaminsky/,Nike KD 13,Center
Luke Kennard,https://ballershoesdb.com/players/luke-kennard/,Nike Zoom Freak 4,Forward
Walker Kessler,https://ballershoesdb.com/players/walker-kessler/,Adidas Harden Vol. 6,Center
Corey Kispert,https://ballershoesdb.com/players/corey-kispert/,Nike PG 6,Forward
Maxi Kleber,https://ballershoesdb.com/players/maxi-kleber/,Nike Kyrie 7,Forward
Kevin Knox,https://ballershoesdb.com/players/kevin-knox/,Nike Air Zoom GT Cut,Forward
Christian Koloko,https://ballershoesdb.com/players/christian-koloko/,Nike LeBron 20,Center
John Konchar,https://ballershoesdb.com/players/john-konchar/,Nike PG 5,Guard
Furkan Korkmaz,https://ballershoesdb.com/players/furkan-korkmaz/,Nike Air Zoom GT Cut 2,Guard
Luke Kornet,https://ballershoesdb.com/players/luke-kornet/,Nike LeBron 17,Forward
Jonathan Kuminga,https://ballershoesdb.com/players/jonathan-kuminga/,Nike Kobe 11,Forward
Kyle Kuzma,https://ballershoesdb.com/players/kyle-kuzma/,Puma TRC Blaze Court,Forward
Anthony Lamb,https://ballershoesdb.com/players/anthony-lamb/,Nike PG 6,Forward
Jock Landale,https://ballershoesdb.com/players/jock-landale/,Nike Air Zoom GT Cut,Center
Romeo Langford,https://ballershoesdb.com/players/romeo-langford/,Nike LeBron 20,Guard
Zach LaVine,https://ballershoesdb.com/players/zach-lavine/,New Balance Two Wxy V3,Guard
Damion Lee,https://ballershoesdb.com/players/damion-lee/,Under Armour Curry Flow 10,Guard
Saben Lee,https://ballershoesdb.com/players/saben-lee/,Nike Kobe 6 Protro,Guard
Alex Len,https://ballershoesdb.com/players/alex-len/,Nike Kyrie 6,Center
Kawhi Leonard,https://ballershoesdb.com/players/kawhi-leonard/,New Balance KAWHI III,Forward
Meyers Leonard,https://ballershoesdb.com/players/meyers-leonard/,Nike Zoom Freak 4,Forward
Caris LeVert,https://ballershoesdb.com/players/caris-levert/,Nike Kyrie Low 5,Guard
Kira Lewis,https://ballershoesdb.com/players/kira-lewis/,Nike Zoom Kobe 4 Protro,Guard
Damian Lillard,https://ballershoesdb.com/players/damian-lillard/,Adidas Dame 8,Guard
Jeremy Lin,https://ballershoesdb.com/players/jeremy-lin/,Xtep Levitation 4,Guard
Nassir Little,https://ballershoesdb.com/players/nassir-little/,Adidas adiZero Rose 1.5,Forward
Kenneth Lofton Jr.,https://ballershoesdb.com/players/kenneth-lofton-jr/,Nike Kobe 5 Protro,Forward
Kevon Looney,https://ballershoesdb.com/players/kevon-looney/,Anta KT8,Forward
Brook Lopez,https://ballershoesdb.com/players/brook-lopez/,Nike Zoom Freak 4,Center
Robin Lopez,https://ballershoesdb.com/players/robin-lopez/,Adidas Dame 8,Center
Kevin Love,https://ballershoesdb.com/players/kevin-love/,Nike Air Zoom GT Run,Forward
Kyle Lowry,https://ballershoesdb.com/players/kyle-lowry/,Adidas Agent Gil Restomod,Guard
Trey Lyles,https://ballershoesdb.com/players/trey-lyles/,Nike Zoom Kobe 6,Forward
Theo Maledon,https://ballershoesdb.com/players/theo-maledon/,Nike PG 6,Guard
Sandro Mamukelashvili,https://ballershoesdb.com/players/sandro-mamukelashvili/,Nike Zoom Freak 2,Center
Terance Mann,https://ballershoesdb.com/players/terance-mann/,Anta Shock the Game 6.0,Forward
Tre Mann,https://ballershoesdb.com/players/tre-mann/,Converse All Star BB Shift,Guard
Boban Marjanović,https://ballershoesdb.com/players/boban-marjanovic/,Nike Zoom Rize 2,Center
Lauri Markkanen,https://ballershoesdb.com/players/lauri-markkanen/,Nike LeBron 20,Forward
Naji Marshall,https://ballershoesdb.com/players/naji-marshall/,Jordan Zion 2,Forward
Caleb Martin,https://ballershoesdb.com/players/caleb-martin/,Nike KD 14,Forward
Cody Martin,https://ballershoesdb.com/players/cody-martin/,Nike Kyrie 7,Forward
Kenyon Martin Jr.,https://ballershoesdb.com/players/kenyon-martin-jr/,Nike Kobe 5 Protro,Forward
Bennedict Mathurin,https://ballershoesdb.com/players/bennedict-mathurin/,Adidas Dame 8,Guard
Garrison Mathews,https://ballershoesdb.com/players/garrison-mathews/,Nike PG 6,Guard
Wesley Matthews,https://ballershoesdb.com/players/wesley-matthews/,Nike Kobe 6 Protro,Forward
Tyrese Maxey,https://ballershoesdb.com/players/tyrese-maxey/,New Balance Two Wxy V3,Guard
Mac McClung,https://ballershoesdb.com/players/mac-mcclung/,Puma Rise Nitro,Guard
CJ McCollum,https://ballershoesdb.com/players/cj-mccollum/,Li-Ning CJ 2,Guard
TJ McConnell,https://ballershoesdb.com/players/tj-mcconnell/,Nike Kyrie 7,Guard
Jaden McDaniels,https://ballershoesdb.com/players/jaden-mcdaniels/,Nike KD 15,Forward
Jalen McDaniels,https://ballershoesdb.com/players/jalen-mcdaniels/,Nike KD 15,Forward
Doug McDermott,https://ballershoesdb.com/players/doug-mcdermott/,Nike Zoom Freak 4,Forward
JaVale McGee,https://ballershoesdb.com/players/javale-mcgee/,Nike Zoom Rize 2,Center
Rodney McGruder,https://ballershoesdb.com/players/rodney-mcgruder/,Nike Kyrie 1,Guard
Jordan McLaughlin,https://ballershoesdb.com/players/jordan-mclaughlin/,Nike Kyrie Infinity,Guard
De’Anthony Melton,https://ballershoesdb.com/players/deanthony-melton/,Converse All Star BB Shift,Guard
Chimezie Metu,https://ballershoesdb.com/players/chimezie-metu/,Nike Kobe 5 Protro,Forward
Khris Middleton,https://ballershoesdb.com/players/khris-middleton/,Nike Air Zoom GT Cut 2,Guard
Patty Mills,https://ballershoesdb.com/players/patty-mills/,Under Armour Flow FUTR X 2,Guard
Shake Milton,https://ballershoesdb.com/players/shake-milton/,Nike Kobe 5 Protro,Guard
Davion Mitchell,https://ballershoesdb.com/players/davion-mitchell/,Nike Air Zoom GT Cut 2,Guard
Donovan Mitchell,https://ballershoesdb.com/players/donovan-mitchell/,Adidas D.O.N. Issue #4,Guard
Evan Mobley,https://ballershoesdb.com/players/evan-mobley/,Adidas Adizero Select,Forward
Malik Monk,https://ballershoesdb.com/players/malik-monk/,Nike Kobe 5 Protro,Guard
Moses Moody,https://ballershoesdb.com/players/moses-moody/,Nike Kyrie Low 5,Guard
Ja Morant,https://ballershoesdb.com/players/ja-morant/,Nike Ja 1,Guard
Marcus Morris,https://ballershoesdb.com/players/marcus-morris/,Nike PG 6,Forward
Markieff Morris,https://ballershoesdb.com/players/markieff-morris/,Nike Kyrie 7,Forward
Monté Morris,https://ballershoesdb.com/players/monte-morris/,Nike Kyrie Low 4,Guard
Trey Murphy III,https://ballershoesdb.com/players/trey-murphy-iii/,Nike PG 6,Forward
Dejounte Murray,https://ballershoesdb.com/players/dejounte-murray/,New Balance Two Wxy V3,Guard
Jamal Murray,https://ballershoesdb.com/players/jamal-murray/,New Balance Two Wxy V3,Guard
Keegan Murray,https://ballershoesdb.com/players/keegan-murray/,Adidas Dame 8,Forward
Mike Muscala,https://ballershoesdb.com/players/mike-muscala/,Nike KD 15,Forward
Sviatoslav Mykhailiuk,https://ballershoesdb.com/players/sviatoslav-mykhailiuk/,Nike Zoom Kobe 4 Protro,Forward
Larry Nance Jr.,https://ballershoesdb.com/players/larry-nance-jr/,Air Jordan 13 Retro,Forward
Andrew Nembhard,https://ballershoesdb.com/players/andrew-nembhard/,Nike KD 15,Guard
Aaron Nesmith,https://ballershoesdb.com/players/aaron-nesmith/,New Balance Two Wxy V3,Forward
Raulzinho Neto,https://ballershoesdb.com/players/raulzinho-neto/,Nike PG 6,Guard
Georges Niang,https://ballershoesdb.com/players/georges-niang/,Nike Zoom Freak 4,Forward
Jaylen Nowell,https://ballershoesdb.com/players/jaylen-nowell/,Nike Kyrie 7,Guard
Dirk Nowitzki,https://ballershoesdb.com/players/dirk-nowitzki/,Nike Hyperdunk X,Forward
Frank Ntilikina,https://ballershoesdb.com/players/frank-ntilikina/,Adidas Dame 8,Guard
Kendrick Nunn,https://ballershoesdb.com/players/kendrick-nunn/,Nike PG 6,Guard
Jusuf Nurkic,https://ballershoesdb.com/players/jusuf-nurkic/,Nike LeBron 20,Center
Kia Nurse,https://ballershoesdb.com/players/kia-nurse/,Air Jordan 35,Guard
Jordan Nwora,https://ballershoesdb.com/players/jordan-nwora/,Adidas Dame 8,Forward
Chuma Okeke,https://ballershoesdb.com/players/chuma-okeke/,Nike KD 14,Forward
Josh Okogie,https://ballershoesdb.com/players/josh-okogie/,Nike Kobe 6 Protro,Guard
Onyeka Okongwu,https://ballershoesdb.com/players/onyeka-okongwu/,Adidas Dame 8,Forward
Isaac Okoro,https://ballershoesdb.com/players/isaac-okoro/,Nike Kobe 5 Protro,Forward
Victor Oladipo,https://ballershoesdb.com/players/victor-oladipo/,Nike Air Zoom GT Cut,Guard
Kelly Olynyk,https://ballershoesdb.com/players/kelly-olynyk/,Nike Cosmic Unity 2,Center
Shaquille O’Neal,https://ballershoesdb.com/players/shaquille-oneal/,Reebok Shaq Attaq 4,Center
Royce O’Neale,https://ballershoesdb.com/players/royce-oneale/,Nike Kobe 5 Protro,Forward
Cedi Osman,https://ballershoesdb.com/players/cedi-osman/,Nike Kyrie Low 5,Forward
Kelly Oubre,https://ballershoesdb.com/players/kelly-oubre/,Converse All Star BB Prototype CX,Forward
Tony Parker,https://ballershoesdb.com/players/tony-parker/,Peak TP9 IV,Guard
Chris Paul,https://ballershoesdb.com/players/chris-paul/,Jordan CP3.12,Guard
Cameron Payne,https://ballershoesdb.com/players/cameron-payne/,Nike Kobe AD Exodus,Guard
Gary Payton II,https://ballershoesdb.com/players/gary-payton-ii/,Nike Zoom Kobe 7,Guard
Paul Pierce,https://ballershoesdb.com/players/paul-pierce/,Nike Air Legacy 3,Forward
Theo Pinson,https://ballershoesdb.com/players/theo-pinson/,Air Jordan 11 Retro,Guard
Scottie Pippen,https://ballershoesdb.com/players/scottie-pippen/,Nike Air More Uptempo,Forward
Kelsey Plum,https://ballershoesdb.com/players/kelsey-plum/,Nike Kyrie 7,Guard
Mason Plumlee,https://ballershoesdb.com/players/mason-plumlee/,Nike Renew Elevate 3,Center
Jakob Poeltl,https://ballershoesdb.com/players/jakob-poeltl/,Nike Kyrie 7,Center
Aleksej Pokuševski,https://ballershoesdb.com/players/aleksej-pokusevski/,Nike PG 5,Center
Jordan Poole,https://ballershoesdb.com/players/jordan-poole/,Nike Kobe 6 Protro,Guard
Kevin Porter Jr.,https://ballershoesdb.com/players/kevin-porter-jr/,Puma Rise Nitro,Forward
Michael Porter Jr.,https://ballershoesdb.com/players/michael-porter-jr/,Nike PG 5,Forward
Otto Porter,https://ballershoesdb.com/players/otto-porter/,Jordan Super.Fly MVP L,Forward
Bobby Portis,https://ballershoesdb.com/players/bobby-portis/,Nike Kobe 5 Protro,Forward
Kristaps Porzingis,https://ballershoesdb.com/players/kristaps-porzingis/,Adidas Crazy Explosive 2017,Center
Dwight Powell,https://ballershoesdb.com/players/dwight-powell/,Nike Kobe AD Mid,Forward
Norman Powell,https://ballershoesdb.com/players/norman-powell/,Nike Kobe AD Exodus,Guard
Taurean Prince,https://ballershoesdb.com/players/taurean-prince/,Nike Kobe AD Exodus,Forward
Payton Pritchard,https://ballershoesdb.com/players/payton-pritchard/,Nike Kobe 6 Protro,Guard
Immanuel Quickley,https://ballershoesdb.com/players/immanuel-quickley/,Nike Air Zoom GT Cut,Guard
Allie Quigley,https://ballershoesdb.com/players/allie-quigley/,Nike PG 3,Guard
Julius Randle,https://ballershoesdb.com/players/julius-randle/,Nike Air Zoom GT Cut 2,Forward
Austin Reaves,https://ballershoesdb.com/players/austin-reaves/,Rigorer War Ender 1.0,Guard
Cameron Reddish,https://ballershoesdb.com/players/cameron-reddish/,Nike LeBron 20,Forward
Nazreon Reid,https://ballershoesdb.com/players/nazreon-reid/,Nike Air Zoom GT Cut,Forward
Nick Richards,https://ballershoesdb.com/players/nick-richards/,Nike LeBron 20,Center
Josh Richardson,https://ballershoesdb.com/players/josh-richardson/,Nike Kobe 5 Protro,Guard
Austin Rivers,https://ballershoesdb.com/players/austin-rivers/,Adidas Exhibit A,Guard
Duncan Robinson,https://ballershoesdb.com/players/duncan-robinson/,Nike KD 14,Forward
Mitchell Robinson,https://ballershoesdb.com/players/mitchell-robinson/,Nike Air Zoom GT Cut,Center
Jeremiah Robinson-Earl,https://ballershoesdb.com/players/jeremiah-robinson-earl/,Nike KD 14,Forward
Isaiah Roby,https://ballershoesdb.com/players/isaiah-roby/,Nike Kyrie Infinity,Center
Derrick Rose,https://ballershoesdb.com/players/derrick-rose/,Adidas adiZero Rose 1.5,Guard
Terrence Ross,https://ballershoesdb.com/players/terrence-ross/,Nike PG 6,Forward
Terry Rozier,https://ballershoesdb.com/players/terry-rozier/,Puma Rise Nitro,Guard
Ricky Rubio,https://ballershoesdb.com/players/ricky-rubio/,Adidas D.O.N. Issue #4,Guard
D’Angelo Russell,https://ballershoesdb.com/players/dangelo-russell/,Li-Ning Way of Wade 10,Guard
Domantas Sabonis,https://ballershoesdb.com/players/domantas-sabonis/,Nike Kobe 6 Protro,Forward
Luka Samanic,https://ballershoesdb.com/players/luka-samanic/,Nike Kobe 5 Protro,Forward
Dario Saric,https://ballershoesdb.com/players/dario-saric/,Nike Zoom Freak 4,Forward
Admiral Schofield,https://ballershoesdb.com/players/admiral-schofield/,Nike Air Zoom GT Cut 2,Guard
Dennis Schroder,https://ballershoesdb.com/players/dennis-schroder/,Puma Fusion Nitro,Guard
Alperen Sengun,https://ballershoesdb.com/players/alperen-sengun/,Nike PG 6,Forward
Collin Sexton,https://ballershoesdb.com/players/collin-sexton/,Nike Kyrie 7,Guard
Landry Shamet,https://ballershoesdb.com/players/landry-shamet/,Nike Air Zoom GT Cut,Guard
Shaedon Sharpe,https://ballershoesdb.com/players/shaedon-sharpe/,Nike Zoom Kobe 4 Protro,Guard
Pascal Siakam,https://ballershoesdb.com/players/pascal-siakam/,Nike KD 13,Forward
Ben Simmons,https://ballershoesdb.com/players/ben-simmons/,Nike Air Zoom GT Run,Forward
Kobi Simmons,https://ballershoesdb.com/players/kobi-simmons/,Nike Kobe AD Exodus,Guard
Anfernee Simons,https://ballershoesdb.com/players/anfernee-simons/,Nike Kobe 6 Protro,Guard
Jericho Sims,https://ballershoesdb.com/players/jericho-sims/,Nike Air Zoom GT Cut,Forward
Marcus Smart,https://ballershoesdb.com/players/marcus-smart/,Puma Court Rider 2.0,Guard
Dennis Smith Jr.,https://ballershoesdb.com/players/dennis-smith-jr/,Nike Kobe 5 Protro,Guard
Ish Smith,https://ballershoesdb.com/players/ish-smith/,Nike Kyrie Infinity,Guard
Jabari Smith,https://ballershoesdb.com/players/jabari-smith/,Adidas Dame 8,Forward
Jalen Smith,https://ballershoesdb.com/players/jalen-smith/,Nike PG 6,Guard
Xavier Sneed,https://ballershoesdb.com/players/xavier-sneed/,Nike Kyrie Low 4,Forward
Jeremy Sochan,https://ballershoesdb.com/players/jeremy-sochan/,Nike Air Zoom GT Cut 2,Forward
Breanna Stewart,https://ballershoesdb.com/players/breanna-stewart/,Puma Stewie 1,Guard
Isaiah Stewart,https://ballershoesdb.com/players/isaiah-stewart/,Nike KD 15,Forward
Max Strus,https://ballershoesdb.com/players/max-strus/,Nike LeBron 20,Guard
Jalen Suggs,https://ballershoesdb.com/players/jalen-suggs/,Adidas D.O.N. Issue #3,Guard
Edmond Sumner,https://ballershoesdb.com/players/edmond-sumner/,Nike Kyrie 7,Guard
Jae’Sean Tate,https://ballershoesdb.com/players/jaesean-tate/,Nike Zoom LeBron Soldier 11,Guard
Jayson Tatum,https://ballershoesdb.com/players/jayson-tatum/,Jordan Tatum 1,Forward
Garrett Temple,https://ballershoesdb.com/players/garrett-temple/,Nike Air Zoom GT Cut,Guard
Daniel Theis,https://ballershoesdb.com/players/daniel-theis/,Nike Kobe 6 Protro,Forward
Cam Thomas,https://ballershoesdb.com/players/cam-thomas/,Nike Kobe 6 Protro,Guard
Klay Thompson,https://ballershoesdb.com/players/klay-thompson/,Anta KT8,Guard
Tristan Thompson,https://ballershoesdb.com/players/tristan-thompson/,Nike LeBron Soldier 14,Center
Matisse Thybulle,https://ballershoesdb.com/players/matisse-thybulle/,Nike Air Zoom GT Cut,Guard
Xavier Tillman,https://ballershoesdb.com/players/xavier-tillman/,Nike Zoom Freak 3,Forward
Obi Toppin,https://ballershoesdb.com/players/obi-toppin/,Jordan Luka 1,Forward
Juan Toscano-Anderson,https://ballershoesdb.com/players/juan-toscano-anderson/,Nike Kobe 5 Protro,Forward
Karl-Anthony Towns,https://ballershoesdb.com/players/karl-anthony-towns/,Nike Hyperdunk X,Center
Gary Trent Jr.,https://ballershoesdb.com/players/gary-trent-jr/,Adidas Harden Vol. 4,Guard
PJ Tucker,https://ballershoesdb.com/players/pj-tucker/,Nike Zoom Kobe 4 Protro,Forward
Myles Turner,https://ballershoesdb.com/players/myles-turner/,Nike Kobe 5 Protro,Center
Jonas Valanciunas,https://ballershoesdb.com/players/jonas-valanciunas/,Nike KD 14,Center
Jarred Vanderbilt,https://ballershoesdb.com/players/jarred-vanderbilt/,Nike PG 6,Forward
Fred VanVleet,https://ballershoesdb.com/players/fred-vanvleet/,Li-Ning YuShuai 16,Guard
Devin Vassell,https://ballershoesdb.com/players/devin-vassell/,Nike KD 14,Guard
Gabe Vincent,https://ballershoesdb.com/players/gabe-vincent/,Nike Kyrie 7,Guard
Nikola Vucevic,https://ballershoesdb.com/players/nikola-vucevic/,Nike PG 6,Center
Dean Wade,https://ballershoesdb.com/players/dean-wade/,Under Armour Flow FUTR X,Forward
Dwyane Wade,https://ballershoesdb.com/players/dwyane-wade/,Li-Ning Way of Wade 7,Guard
Franz Wagner,https://ballershoesdb.com/players/franz-wagner/,Nike PG 6,Guard
Moritz Wagner,https://ballershoesdb.com/players/moritz-wagner/,Air Jordan 37,Forward
Ish Wainright,https://ballershoesdb.com/players/ish-wainright/,Nike Kobe 5 Protro,Forward
Lonnie Walker,https://ballershoesdb.com/players/lonnie-walker/,Adidas Exhibit A,Guard
TJ Warren,https://ballershoesdb.com/players/tj-warren/,Nike Kyrie Low 1,Forward
P.J. Washington,https://ballershoesdb.com/players/p-j-washington/,Nike Air Zoom GT Cut 2,Forward
Yuta Watanabe,https://ballershoesdb.com/players/yuta-watanabe/,Nike PG 6,Forward
Trendon Watford,https://ballershoesdb.com/players/trendon-watford/,Nike PG 6,Forward
Victor Wembanyama,https://ballershoesdb.com/players/victor-wembanyama/,Nike Air Zoom GT Run,Forward
Russell Westbrook,https://ballershoesdb.com/players/russell-westbrook/,Jordan Why Not Zer0.6,Guard
Coby White,https://ballershoesdb.com/players/coby-white/,Jordan CP3.11,Guard
Derrick White,https://ballershoesdb.com/players/derrick-white/,Nike Zoom Freak 4,Guard
Aaron Wiggins,https://ballershoesdb.com/players/aaron-wiggins/,Under Armour Curry 3Z6,Guard
Andrew Wiggins,https://ballershoesdb.com/players/andrew-wiggins/,Peak Team Attitude 2,Forward
Grant Williams,https://ballershoesdb.com/players/grant-williams/,Nike PG 5,Forward
Jalen Williams,https://ballershoesdb.com/players/jalen-williams/,Adidas adiZero Rose 1.5,Forward
Kenrich Williams,https://ballershoesdb.com/players/kenrich-williams/,Nike Kyrie 6,Guard
Mikey Williams,https://ballershoesdb.com/players/mikey-williams/,Puma TRC Blaze Court,Guard
Patrick Williams,https://ballershoesdb.com/players/patrick-williams/,Nike Air Zoom GT Cut 2,Forward
Robert Williams,https://ballershoesdb.com/players/robert-williams/,Nike LeBron 18,Forward
Ziaire Williams,https://ballershoesdb.com/players/ziaire-williams/,Adidas D.O.N. Issue #4,Forward
Zion Williamson,https://ballershoesdb.com/players/zion-williamson/,Jordan Zion 2,Forward
A’ja Wilson,https://ballershoesdb.com/players/aja-wilson/,Nike Cosmic Unity 2,Forward
Dylan Windler,https://ballershoesdb.com/players/dylan-windler/,Nike Kyrie 7,Guard
Justise Winslow,https://ballershoesdb.com/players/justise-winslow/,Nike PG 6,Forward
James Wiseman,https://ballershoesdb.com/players/james-wiseman/,Nike Kobe 6 Protro,Center
Christian Wood,https://ballershoesdb.com/players/christian-wood/,Adidas Dame 8,Forward
Metta World Peace,https://ballershoesdb.com/players/metta-world-peace/,Nike Kobe 11,Forward
Delon Wright,https://ballershoesdb.com/players/delon-wright/,Nike Kyrie Low 5,Guard
Thaddeus Young,https://ballershoesdb.com/players/thaddeus-young/,Nike Kobe 6 Protro,Forward
Trae Young,https://ballershoesdb.com/players/trae-young/,Adidas Trae Young 2,Guard
Omer Yurtseven,https://ballershoesdb.com/players/omer-yurtseven/,Nike Kobe 5 Protro,Center
Cody Zeller,https://ballershoesdb.com/players/cody-zeller/,Air Jordan 37,Center
Ivica Zubac,https://ballershoesdb.com/players/ivica-zubac/,Adidas D.O.N. Issue #4,Center
