Shoe Tag,Shoe Name
shoe_1.jpg,361 AG1
shoe_2.jpg,361 Big 3
shoe_3.jpg,361 DVD/SD 1
shoe_4.jpg,361 Jing Feng
shoe_5.jpg,Adidas adiPower Weightlifting 2
shoe_6.jpg,Adidas adiZero Rose 1
shoe_7.jpg,Adidas adiZero Rose 1.5
shoe_8.jpg,Adidas adiZero Rose 2
shoe_9.jpg,Adidas adiZero Rose 2.5
shoe_10.jpg,Adidas Adizero Select
shoe_11.jpg,Adidas Agent Gil Restomod
shoe_12.jpg,Adidas BYW Select
shoe_13.jpg,Adidas Crazy 8
shoe_14.jpg,Adidas Crazy Bounce
shoe_15.jpg,Adidas Crazy BYW
shoe_16.jpg,Adidas Crazy BYW X
shoe_17.jpg,Adidas Crazy BYW X 2.0
shoe_18.jpg,Adidas Crazy Explosive 2016
shoe_19.jpg,Adidas Crazy Explosive 2017
shoe_20.jpg,Adidas Crazy Ghost 2014
shoe_21.jpg,Adidas Crazy Hustle
shoe_22.jpg,Adidas Crazy Light Boost 2018
shoe_23.jpg,Adidas Crazylight Boost 2.5
shoe_24.jpg,Adidas Crazylight Boost 2015
shoe_25.jpg,Adidas Crazylight Boost 2016
shoe_26.jpg,Adidas Crazyquick 3
shoe_27.jpg,Adidas D Lillard 1
shoe_28.jpg,Adidas D Lillard 2
shoe_29.jpg,Adidas D Rose 10
shoe_30.jpg,Adidas D Rose 11
shoe_31.jpg,Adidas D Rose 3
shoe_32.jpg,Adidas D Rose 3.5
shoe_33.jpg,Adidas D Rose 4
shoe_34.jpg,Adidas D Rose 4.5
shoe_35.jpg,Adidas D Rose 5 Boost
shoe_36.jpg,Adidas D Rose 6
shoe_37.jpg,Adidas D Rose 7
shoe_38.jpg,Adidas D Rose 773 IV
shoe_39.jpg,Adidas D Rose 8
shoe_40.jpg,Adidas D Rose 9
shoe_41.jpg,Adidas D Rose Son of Chi
shoe_42.jpg,Adidas D.O.N. Issue #1
shoe_43.jpg,Adidas D.O.N. Issue #2
shoe_44.jpg,Adidas D.O.N. Issue #3
shoe_45.jpg,Adidas D.O.N. Issue #4
shoe_47.jpg,Adidas Dame 3
shoe_48.jpg,Adidas Dame 4
shoe_49.jpg,Adidas Dame 5
shoe_50.jpg,Adidas Dame 6
shoe_51.jpg,Adidas Dame 7
shoe_52.jpg,Adidas Dame 8
shoe_54.jpg,Adidas Exhibit A
shoe_55.jpg,Adidas Explosive Bounce
shoe_56.jpg,Adidas Explosive Bounce 2018
shoe_57.jpg,Adidas Gil Zero
shoe_58.jpg,Adidas Harden B/E
shoe_59.jpg,Adidas Harden B/E 2
shoe_60.jpg,Adidas Harden B/E 3
shoe_61.jpg,Adidas Harden Stepback
shoe_62.jpg,Adidas Harden Stepback 2
shoe_63.jpg,Adidas Harden Stepback 3
shoe_64.jpg,Adidas Harden Vol. 1
shoe_65.jpg,Adidas Harden Vol. 2
shoe_66.jpg,Adidas Harden Vol. 3
shoe_67.jpg,Adidas Harden Vol. 4
shoe_68.jpg,Adidas Harden Vol. 5
shoe_69.jpg,Adidas Harden Vol. 6
shoe_70.jpg,Adidas Harden Vol. 7
shoe_72.jpg,Adidas J Wall 1
shoe_73.jpg,Adidas J Wall 2
shoe_74.jpg,Adidas Light Em Up 2
shoe_75.jpg,Adidas Mad Bounce
shoe_76.jpg,Adidas Marquee Boost
shoe_77.jpg,Adidas N3XT L3V3L
shoe_78.jpg,Adidas N3XT L3V3L 2020
shoe_79.jpg,Adidas N3XT L3V3L Futurenatural
shoe_80.jpg,Adidas Powerlift 4
shoe_81.jpg,Adidas Pro Boost
shoe_82.jpg,Adidas Pro Bounce 2018
shoe_83.jpg,Adidas Pro Bounce 2018 Low
shoe_84.jpg,Adidas Pro Bounce 2019
shoe_85.jpg,Adidas Pro Bounce 2019 Low
shoe_86.jpg,Adidas Pro Model 2G
shoe_87.jpg,Adidas Pro N3XT 2021
shoe_88.jpg,Adidas Pro Vision
shoe_89.jpg,Adidas T-Mac 1
shoe_90.jpg,Adidas T-Mac 3
shoe_91.jpg,Adidas T-Mac Millennium
shoe_92.jpg,Adidas The Kobe (Crazy 1)
shoe_93.jpg,Adidas The Kobe II
shoe_94.jpg,Adidas Trae Young 1
shoe_95.jpg,Adidas Trae Young 2
shoe_97.jpg,Adidas Zoneboost
shoe_98.jpg,Air Jordan 1 Retro
shoe_99.jpg,Air Jordan 10 Retro
shoe_100.jpg,Air Jordan 11 Retro
shoe_101.jpg,Air Jordan 12 Retro
shoe_102.jpg,Air Jordan 13 Retro
shoe_103.jpg,Air Jordan 14 Retro
shoe_104.jpg,Air Jordan 15 Retro
shoe_105.jpg,Air Jordan 16 Retro
shoe_106.jpg,Air Jordan 17 Retro
shoe_107.jpg,Air Jordan 18 Retro
shoe_108.jpg,Air Jordan 19 Retro
shoe_109.jpg,Air Jordan 2 Retro
shoe_110.jpg,Air Jordan 20 Retro
shoe_111.jpg,Air Jordan 28
shoe_112.jpg,Air Jordan 29
shoe_113.jpg,Air Jordan 3 Retro
shoe_114.jpg,Air Jordan 30
shoe_115.jpg,Air Jordan 30.5
shoe_116.jpg,Air Jordan 31
shoe_117.jpg,Air Jordan 32
shoe_118.jpg,Air Jordan 33
shoe_119.jpg,Air Jordan 34
shoe_120.jpg,Air Jordan 35
shoe_121.jpg,Air Jordan 36
shoe_122.jpg,Air Jordan 37
shoe_124.jpg,Air Jordan 4 Retro
shoe_125.jpg,Air Jordan 5 Retro
shoe_126.jpg,Air Jordan 6 Retro
shoe_127.jpg,Air Jordan 7 Retro
shoe_128.jpg,Air Jordan 8 Retro
shoe_129.jpg,Air Jordan 9 Retro
shoe_130.jpg,Alegria Women’s Keli Professional
shoe_131.jpg,Altra Torin 4 Plush
shoe_132.jpg,AND1 Attack 2.0
shoe_134.jpg,And1 Attack Low
shoe_135.jpg,And1 Havok
shoe_136.jpg,And1 ME8 Empire Mid
shoe_137.jpg,And1 SK6
shoe_138.jpg,And1 Tai Chi
shoe_139.jpg,And1 Tai Chi 3
shoe_140.jpg,Anta Chandler Parsons
shoe_141.jpg,Anta Daringly 3.0
shoe_142.jpg,Anta GH1
shoe_143.jpg,Anta GH3
shoe_144.jpg,Anta KG 6
shoe_145.jpg,Anta KT Light 4
shoe_146.jpg,Anta KT1
shoe_147.jpg,Anta KT2
shoe_148.jpg,Anta KT3
shoe_149.jpg,Anta KT4
shoe_150.jpg,Anta KT5
shoe_151.jpg,Anta KT6
shoe_152.jpg,Anta KT7
shoe_153.jpg,Anta KT8
shoe_154.jpg,Anta Luis Scola
shoe_155.jpg,Anta Quick Speed 5.0
shoe_156.jpg,Anta RR2
shoe_157.jpg,Anta RR5
shoe_158.jpg,Anta Shock The Game 5
shoe_159.jpg,Anta Shock the Game 6.0
shoe_160.jpg,Asics Gel – Kayano 26
shoe_161.jpg,Asics Gel-Excite 6
shoe_162.jpg,Big Baller Brand G3
shoe_163.jpg,Big Baller Brand MB1
shoe_164.jpg,Big Baller Brand ZO2 Prime
shoe_165.jpg,Big Baller Brand ZO2 Prime Remix
shoe_166.jpg,Big Baller Brand ZO2.19
shoe_167.jpg,Birkenstock Arizona Sandals
shoe_168.jpg,Birkenstock Tokio Super Grip Shoe
shoe_169.jpg,BOBS from Skechers Women’s Plush Peace and Love Flat
shoe_170.jpg,Brandblack J. Crossover 1
shoe_171.jpg,Brandblack J. Crossover 2
shoe_172.jpg,Brandblack J. Crossover 3
shoe_173.jpg,Brooks Addiction Walker
shoe_174.jpg,Brooks Adrenaline GTS 19
shoe_175.jpg,Brooks Beast 18
shoe_176.jpg,Brooks Ghost 12
shoe_177.jpg,Coming Soon
shoe_178.jpg,Converse All Star BB Evo
shoe_179.jpg,Converse All Star BB Prototype CX
shoe_180.jpg,Converse All Star BB Shift
shoe_181.jpg,Converse All Star Pro BB
shoe_182.jpg,Converse All-Star BB Jet
shoe_183.jpg,Converse Chuck Taylor All Star
shoe_184.jpg,Converse G4
shoe_185.jpg,Converse Wade 1
shoe_186.jpg,Converse Wade 2
shoe_187.jpg,Converse Wade 3
shoe_188.jpg,Converse Wade 4
shoe_189.jpg,Crocs Bistro Clogs
shoe_190.jpg,Crocs Mercy Work Clogs
shoe_191.jpg,Crocs Women’s Leigh Wedge Chelsea Boot
shoe_192.jpg,Dansko Professional Clog
shoe_193.jpg,Dansko Women’s Fawna Mary Jane
shoe_194.jpg,Dansko Women’s Patti Leather Flat
shoe_195.jpg,ECCO Men’s Helsinki Slip-On
shoe_196.jpg,Fila 95 (Grant Hill 1)
shoe_197.jpg,Grasshoppers Women’s Windham Slip-On Flat
shoe_198.jpg,Inov-8 Fastlift 335
shoe_200.jpg,Jordan B.Fly
shoe_201.jpg,Jordan CP3.11
shoe_202.jpg,Jordan CP3.12
shoe_204.jpg,Jordan CP3.I
shoe_205.jpg,Jordan CP3.II
shoe_206.jpg,Jordan CP3.III
shoe_207.jpg,Jordan CP3.IV
shoe_208.jpg,Jordan CP3.IX
shoe_209.jpg,Jordan CP3.V
shoe_210.jpg,Jordan CP3.VI
shoe_211.jpg,Jordan CP3.VII
shoe_212.jpg,Jordan CP3.VIII
shoe_213.jpg,Jordan CP3.X
shoe_214.jpg,Jordan Dub Zero
shoe_215.jpg,Jordan Extra.Fly
shoe_216.jpg,Jordan Fly Unlimited
shoe_217.jpg,Jordan Fly Wade 1
shoe_218.jpg,Jordan Fly Wade 2
shoe_219.jpg,Jordan Jumpman 2020
shoe_220.jpg,Jordan Jumpman Diamond
shoe_221.jpg,Jordan Jumpman Hustle
shoe_222.jpg,Jordan Luka 1
shoe_223.jpg,Jordan Melo 1.5
shoe_224.jpg,Jordan Melo 5.5
shoe_225.jpg,Jordan Melo M10
shoe_226.jpg,Jordan Melo M11
shoe_227.jpg,Jordan Melo M12
shoe_228.jpg,Jordan Melo M13
shoe_229.jpg,Jordan Melo M3
shoe_230.jpg,Jordan Melo M4
shoe_231.jpg,Jordan Melo M5
shoe_232.jpg,Jordan Melo M6
shoe_233.jpg,Jordan Melo M7
shoe_234.jpg,Jordan Melo M8
shoe_235.jpg,Jordan Melo M9
shoe_236.jpg,Jordan One Take II
shoe_237.jpg,Jordan React Elevation
shoe_238.jpg,Jordan Super.Fly 2017
shoe_239.jpg,Jordan Super.Fly 3
shoe_240.jpg,Jordan Super.Fly 4
shoe_241.jpg,Jordan Super.Fly 5
shoe_242.jpg,Jordan Super.Fly MVP L
shoe_243.jpg,Jordan Supreme Elevation
shoe_244.jpg,Jordan Tatum 1
shoe_245.jpg,Jordan Ultra.Fly
shoe_246.jpg,Jordan Ultra.Fly 2
shoe_247.jpg,Jordan Ultra.Fly 3
shoe_248.jpg,Jordan Why Not Zer0.1
shoe_249.jpg,Jordan Why Not Zer0.1 Low
shoe_250.jpg,Jordan Why Not Zer0.2
shoe_251.jpg,Jordan Why Not Zer0.3
shoe_252.jpg,Jordan Why Not Zer0.4
shoe_253.jpg,Jordan Why Not Zer0.5
shoe_254.jpg,Jordan Why Not Zer0.6
shoe_255.jpg,Jordan Zion 1
shoe_256.jpg,Jordan Zion 2
shoe_257.jpg,K8IROS 8.1
shoe_258.jpg,K8IROS Mark II
shoe_259.jpg,Le Coq Sportif Joakim Noah 1.0
shoe_260.jpg,Le Coq Sportif Joakim Noah 2.0
shoe_261.jpg,Le Coq Sportif Joakim Noah 3.0
shoe_262.jpg,Li-Ning BB Lite Sonic 5
shoe_263.jpg,Li-Ning CJ 1
shoe_264.jpg,Li-Ning CJ 2
shoe_265.jpg,Li-Ning JB1
shoe_266.jpg,Li-Ning Power 4
shoe_267.jpg,Li-Ning Power 9
shoe_268.jpg,Li-Ning Power VII
shoe_269.jpg,Li-Ning Sonic 6
shoe_270.jpg,Li-Ning Sonic 7
shoe_271.jpg,Li-Ning Speed 8
shoe_272.jpg,Li-Ning Speed VI
shoe_273.jpg,Li-Ning Speed VII
shoe_274.jpg,Li-Ning Way of Wade 1
shoe_275.jpg,Li-Ning Way of Wade 10
shoe_276.jpg,Li-Ning Way of Wade 2
shoe_277.jpg,Li-Ning Way of Wade 3
shoe_278.jpg,Li-Ning Way of Wade 4
shoe_279.jpg,Li-Ning Way of Wade 5
shoe_280.jpg,Li-Ning Way of Wade 6
shoe_281.jpg,Li-Ning Way of Wade 7
shoe_282.jpg,Li-Ning Way of Wade 8
shoe_283.jpg,Li-Ning Way of Wade 9
shoe_284.jpg,Li-Ning YuShuai 11
shoe_285.jpg,Li-Ning YuShuai 12
shoe_286.jpg,Li-Ning YuShuai 14
shoe_287.jpg,Li-Ning YuShuai 15
shoe_288.jpg,Li-Ning YuShuai 16
shoe_289.jpg,Merrell Jungle Moc
shoe_290.jpg,Mizuno Wave Inspire 15
shoe_291.jpg,Mizuno Wave Rider 22
shoe_292.jpg,New Balance 860v10
shoe_293.jpg,New Balance KAWHI
shoe_295.jpg,New Balance KAWHI II
shoe_296.jpg,New Balance KAWHI III
shoe_297.jpg,New Balance OMN1S
shoe_298.jpg,New Balance Two Way
shoe_299.jpg,New Balance Two Wxy V2
shoe_300.jpg,New Balance Two Wxy V3
shoe_301.jpg,New Balance Women’s Minimus 20v7
shoe_302.jpg,Nike Adapt BB
shoe_303.jpg,Nike Adapt BB 2.0
shoe_304.jpg,Nike Air Deldon
shoe_305.jpg,Nike Air Foamposite One
shoe_306.jpg,Nike Air Foamposite Pro
shoe_307.jpg,Nike Air Force 1
shoe_308.jpg,Nike Air Force Max II
shoe_309.jpg,Nike Air Force Max Low
shoe_310.jpg,Nike Air Huarache 64
shoe_311.jpg,Nike Air Legacy 3
shoe_312.jpg,Nike Air Max 90
shoe_313.jpg,Nike Air Max Audacity 2016
shoe_314.jpg,Nike Air Max Body U
shoe_315.jpg,Nike Air Max Dominate
shoe_316.jpg,Nike Air Max Premiere
shoe_317.jpg,Nike Air More Uptempo
shoe_318.jpg,Nike Air Penny 2
shoe_319.jpg,Nike Air Zoom BB NXT
shoe_320.jpg,Nike Air Zoom G.T. Jump
shoe_321.jpg,Nike Air Zoom Generation
shoe_322.jpg,Nike Air Zoom GT Cut
shoe_323.jpg,Nike Air Zoom GT Cut 2
shoe_324.jpg,Nike Air Zoom GT Run
shoe_325.jpg,Nike Air Zoom Huarache 2K4
shoe_326.jpg,Nike Air Zoom Structure 22
shoe_327.jpg,Nike AlphaDunk
shoe_329.jpg,Nike Cosmic Unity
shoe_330.jpg,Nike Cosmic Unity 2
shoe_331.jpg,Nike Giannis Immortality
shoe_332.jpg,Nike Giannis Immortality 2
shoe_333.jpg,Nike Hyperchase
shoe_334.jpg,Nike Hyperdunk 2008
shoe_335.jpg,Nike Hyperdunk 2010
shoe_336.jpg,Nike Hyperdunk 2011
shoe_337.jpg,Nike Hyperdunk 2014
shoe_338.jpg,Nike Hyperdunk 2015
shoe_339.jpg,Nike Hyperdunk 2016
shoe_340.jpg,Nike Hyperdunk 2017
shoe_341.jpg,Nike Hyperdunk X
shoe_342.jpg,Nike Hyperdunk X Low
shoe_343.jpg,Nike Hyperfuse 2010
shoe_344.jpg,Nike Hyperfuse 2011
shoe_345.jpg,Nike Hyperfuse 2012
shoe_346.jpg,Nike Hyperlive
shoe_347.jpg,Nike Hypershift
shoe_348.jpg,Nike Ja 1
shoe_349.jpg,Nike KD 10
shoe_350.jpg,Nike KD 11
shoe_351.jpg,Nike KD 12
shoe_352.jpg,Nike KD 13
shoe_353.jpg,Nike KD 14
shoe_354.jpg,Nike KD 15
shoe_355.jpg,Nike KD 16
shoe_356.jpg,Nike KD 7
shoe_357.jpg,Nike KD 8
shoe_358.jpg,Nike KD 9
shoe_359.jpg,Nike KD Trey 5 III
shoe_360.jpg,Nike KD Trey 5 IV
shoe_361.jpg,Nike KD Trey 5 IX
shoe_362.jpg,Nike KD Trey 5 V
shoe_363.jpg,Nike KD Trey 5 VI
shoe_364.jpg,Nike KD Trey 5 VII
shoe_365.jpg,Nike KD Trey 5 VIII
shoe_366.jpg,Nike Kobe 1 Protro
shoe_367.jpg,Nike Kobe 10
shoe_368.jpg,Nike Kobe 11
shoe_369.jpg,Nike Kobe 5 Protro
shoe_370.jpg,Nike Kobe 6 Protro
shoe_371.jpg,Nike Kobe 9
shoe_372.jpg,Nike Kobe AD Exodus
shoe_373.jpg,Nike Kobe AD Mid
shoe_374.jpg,Nike Kobe AD NXT
shoe_375.jpg,Nike Kobe AD NXT 360
shoe_376.jpg,Nike Kobe AD NXT FF
shoe_377.jpg,Nike Kobe Mentality 2
shoe_378.jpg,Nike Kybrid S2
shoe_379.jpg,Nike Kyrie 1
shoe_380.jpg,Nike Kyrie 2
shoe_381.jpg,Nike Kyrie 3
shoe_382.jpg,Nike Kyrie 4
shoe_383.jpg,Nike Kyrie 5
shoe_384.jpg,Nike Kyrie 6
shoe_385.jpg,Nike Kyrie 7
shoe_387.jpg,Nike Kyrie Flytrap 3
shoe_388.jpg,Nike Kyrie Flytrap 6
shoe_389.jpg,Nike Kyrie Infinity
shoe_390.jpg,Nike Kyrie Low 1
shoe_391.jpg,Nike Kyrie Low 2
shoe_392.jpg,Nike Kyrie Low 3
shoe_393.jpg,Nike Kyrie Low 4
shoe_394.jpg,Nike Kyrie Low 5
shoe_395.jpg,Nike LeBron 11
shoe_396.jpg,Nike LeBron 12
shoe_397.jpg,Nike LeBron 13
shoe_398.jpg,Nike LeBron 14
shoe_399.jpg,Nike LeBron 15
shoe_400.jpg,Nike LeBron 16
shoe_401.jpg,Nike LeBron 17
shoe_402.jpg,Nike LeBron 18
shoe_403.jpg,Nike LeBron 19
shoe_404.jpg,Nike LeBron 20
shoe_406.jpg,Nike LeBron 7
shoe_407.jpg,Nike LeBron 8
shoe_408.jpg,Nike LeBron 9
shoe_409.jpg,Nike LeBron Soldier 13
shoe_410.jpg,Nike LeBron Soldier 14
shoe_411.jpg,Nike LeBron Witness 5
shoe_412.jpg,Nike LeBron X
shoe_413.jpg,Nike Lunar Hypergamer
shoe_414.jpg,Nike Mamba Focus
shoe_415.jpg,Nike Mamba Fury
shoe_416.jpg,Nike PG 1
shoe_417.jpg,Nike PG 2
shoe_418.jpg,Nike PG 2.5
shoe_419.jpg,Nike PG 3
shoe_420.jpg,Nike PG 4
shoe_421.jpg,Nike PG 5
shoe_422.jpg,Nike PG 6
shoe_424.jpg,Nike Renew Elevate
shoe_425.jpg,Nike Renew Elevate 2
shoe_426.jpg,Nike Renew Elevate 3
shoe_427.jpg,Nike Shox BB4
shoe_428.jpg,Nike Shox VC
shoe_429.jpg,Nike Shox VC 2
shoe_430.jpg,Nike Shox VC 3
shoe_431.jpg,Nike Shox VC 4
shoe_432.jpg,Nike Shox VC 5
shoe_433.jpg,Nike Tanjun
shoe_434.jpg,Nike Team Hustle D10
shoe_435.jpg,Nike Women’s Metcon 5
shoe_436.jpg,Nike Zoom BB 2
shoe_437.jpg,Nike Zoom Clear Out
shoe_438.jpg,Nike Zoom Crusader
shoe_439.jpg,Nike Zoom Freak 1
shoe_440.jpg,Nike Zoom Freak 2
shoe_441.jpg,Nike Zoom Freak 3
shoe_442.jpg,Nike Zoom Freak 4
shoe_444.jpg,Nike Zoom Hyperquickness 2015
shoe_445.jpg,Nike Zoom HyperRev 2016
shoe_446.jpg,Nike Zoom KD 1
shoe_447.jpg,Nike Zoom KD 2
shoe_448.jpg,Nike Zoom KD 3
shoe_449.jpg,Nike Zoom KD 4
shoe_450.jpg,Nike Zoom KD 5
shoe_451.jpg,Nike Zoom KD 6
shoe_452.jpg,Nike Zoom Kobe 3
shoe_453.jpg,Nike Zoom Kobe 4
shoe_454.jpg,Nike Zoom Kobe 4 Protro
shoe_455.jpg,Nike Zoom Kobe 5
shoe_456.jpg,Nike Zoom Kobe 6
shoe_457.jpg,Nike Zoom Kobe 7
shoe_458.jpg,Nike Zoom Kobe 8
shoe_459.jpg,Nike Zoom LeBron 2
shoe_460.jpg,Nike Zoom LeBron 3
shoe_461.jpg,Nike Zoom LeBron 4
shoe_462.jpg,Nike Zoom LeBron 5
shoe_463.jpg,Nike Zoom LeBron 6
shoe_464.jpg,Nike Zoom LeBron Soldier 1
shoe_465.jpg,Nike Zoom LeBron Soldier 10
shoe_466.jpg,Nike Zoom LeBron Soldier 11
shoe_467.jpg,Nike Zoom LeBron Soldier 12
shoe_468.jpg,Nike Zoom LeBron Soldier 8
shoe_469.jpg,Nike Zoom LeBron Soldier 9
shoe_470.jpg,Nike Zoom Live 2
shoe_471.jpg,Nike Zoom Live 2017
shoe_472.jpg,Nike Zoom Rev 2017
shoe_473.jpg,Nike Zoom Rev 2018
shoe_474.jpg,Nike Zoom Rize
shoe_475.jpg,Nike Zoom Rize 2
shoe_476.jpg,Nike Zoom Run the One
shoe_477.jpg,Nike Zoom Shift
shoe_478.jpg,Nike Zoom Shift 2
shoe_479.jpg,No Bull Trainers
shoe_480.jpg,Nurse Mates Dove Shoe
shoe_481.jpg,Peak Delly 1
shoe_482.jpg,Peak DH2
shoe_483.jpg,Peak DH3
shoe_484.jpg,Peak Lightning
shoe_485.jpg,Peak Lou Williams Underground
shoe_486.jpg,Peak Monster GH3
shoe_487.jpg,Peak Relentless
shoe_488.jpg,Peak Streetball Master
shoe_489.jpg,Peak Surging Technology Triangle 2.0
shoe_490.jpg,Peak Team Attitude 2
shoe_491.jpg,Peak TP9 IV
shoe_492.jpg,Puma Cell Origin Mid
shoe_493.jpg,Puma Clyde
shoe_494.jpg,Puma Clyde All-Pro
shoe_495.jpg,Puma Clyde Court
shoe_496.jpg,Puma Clyde Hardwood
shoe_497.jpg,Puma Court Rider
shoe_498.jpg,Puma Court Rider 2.0
shoe_499.jpg,Puma Fusion Nitro
shoe_500.jpg,Puma Legacy
shoe_501.jpg,Puma MB.01
shoe_502.jpg,Puma MB.02
shoe_503.jpg,Puma Rise Nitro
shoe_504.jpg,Puma RS-Dreamer
shoe_505.jpg,Puma Stewie 1
shoe_506.jpg,Puma TRC Blaze Court
shoe_507.jpg,Puma Triple Basketball
shoe_508.jpg,Puma Uproar
shoe_509.jpg,Q4 495 Lo
shoe_510.jpg,Q4 Millennium Hi
shoe_511.jpg,Q4 The Specialist
shoe_512.jpg,Qiaodan Fengci 6 Pro
shoe_513.jpg,Reebok Answer
shoe_514.jpg,Reebok Answer 10
shoe_515.jpg,Reebok Answer 11
shoe_516.jpg,Reebok Answer 12
shoe_517.jpg,Reebok Answer 13
shoe_518.jpg,Reebok Answer 2
shoe_519.jpg,Reebok Answer 3
shoe_520.jpg,Reebok Answer 4
shoe_521.jpg,Reebok Answer 5
shoe_522.jpg,Reebok Answer 6
shoe_523.jpg,Reebok Answer 7
shoe_524.jpg,Reebok Answer 8
shoe_525.jpg,Reebok Answer 9
shoe_526.jpg,Reebok Kamikaze 4
shoe_527.jpg,Reebok Kamikaze II
shoe_528.jpg,Reebok Legacy Lifter
shoe_529.jpg,Reebok Nano 9 Women’s Training Shoes
shoe_530.jpg,Reebok Question
shoe_531.jpg,Reebok Question 2
shoe_532.jpg,Reebok Question 3
shoe_533.jpg,Reebok Shaq Attaq
shoe_534.jpg,Reebok Shaq Attaq 2
shoe_535.jpg,Reebok Shaq Attaq 3
shoe_536.jpg,Reebok Shaq Attaq 4
shoe_537.jpg,Reebok Women’s Crossfit Grace
shoe_538.jpg,Reebok ZPump Rise
shoe_539.jpg,Rigorer War Ender 1.0
shoe_540.jpg,Rockport Cobb Hill Spencer Salma Dress Pump
shoe_541.jpg,Sanuk Women’s Pair O Dice Slip-On Sneakers
shoe_542.jpg,Skechers Men’s Equalizer Persistent
shoe_543.jpg,Skechers Men’s Flex Advantage
shoe_544.jpg,Skechers Sport Women’s Premium Sneakers
shoe_545.jpg,Skechers Women’s Sure Track – Trickel
shoe_546.jpg,Under Armour Anatomix Spawn
shoe_547.jpg,Under Armour Anatomix Spawn 2
shoe_548.jpg,Under Armour Anatomix Spawn Low
shoe_549.jpg,Under Armour Charged Controller
shoe_550.jpg,Under Armour Clutchfit Drive 1
shoe_551.jpg,Under Armour ClutchFit Drive 3
shoe_552.jpg,Under Armour Curry 1
shoe_553.jpg,Under Armour Curry 2
shoe_554.jpg,Under Armour Curry 3
shoe_555.jpg,Under Armour Curry 3Z6
shoe_556.jpg,Under Armour Curry 3Zero
shoe_557.jpg,Under Armour Curry 3Zero II
shoe_558.jpg,Under Armour Curry 4
shoe_559.jpg,Under Armour Curry 5
shoe_560.jpg,Under Armour Curry 6
shoe_561.jpg,Under Armour Curry 7
shoe_562.jpg,Under Armour Curry Flow 10
shoe_564.jpg,Under Armour Curry Flow 8
shoe_565.jpg,Under Armour Curry Flow 9
shoe_566.jpg,Under Armour Curry One Low Flotro
shoe_567.jpg,Under Armour Drive 4
shoe_569.jpg,Under Armour Embiid One
shoe_570.jpg,Under Armour Flow FUTR X
shoe_571.jpg,Under Armour Flow FUTR X 2
shoe_572.jpg,Under Armour Heat Seeker
shoe_573.jpg,Under Armour HOVR Havoc
shoe_574.jpg,Under Armour HOVR Havoc 2
shoe_575.jpg,Under Armour HOVR Havoc 3
shoe_576.jpg,Under Armour HOVR Havoc Low
shoe_577.jpg,Under Armour M-TAG
shoe_578.jpg,Vans Classic Slip-on
shoe_579.jpg,Wade All City 8
shoe_580.jpg,Xtep Levitation 4
shoe_581.jpg,Yeezy Basketball
